[
    {
        "pk": 1, 
        "model": "instdata.vendor", 
        "fields": {
            "code": "BLB", 
            "name": "Bloomberg", 
            "description": ""
        }
    }, 
    {
        "pk": 2, 
        "model": "instdata.vendor", 
        "fields": {
            "code": "GOOGLE", 
            "name": "Google Finance", 
            "description": ""
        }
    }, 
    {
        "pk": 3, 
        "model": "instdata.vendor", 
        "fields": {
            "code": "YAHOO", 
            "name": "Yahoo Finance", 
            "description": ""
        }
    },
    {
        "pk": 4, 
        "model": "instdata.vendor", 
        "fields": {
            "code": "MANUAL", 
            "name": "Internal Data Provider", 
            "description": ""
        }
    },
    {
        "pk": 1, 
        "model": "instdata.datafield", 
        "fields": {
            "code": "LAST_PRICE", 
            "description": "Last Traded Price", 
            "format": "numeric"
        }
    }, 
    {
        "pk": 2, 
        "model": "instdata.datafield", 
        "fields": {
            "code": "NAV", 
            "description": "Fund Net Asset Value", 
            "format": "numeric"
        }
    }, 
    {
        "pk": 3, 
        "model": "instdata.datafield", 
        "fields": {
            "code": "OPEN_INTEREST", 
            "description": "Open interest (for exchange traded instruments)", 
            "format": "numeric"
        }
    }, 
    {
        "pk": 4, 
        "model": "instdata.datafield", 
        "fields": {
            "code": "VOLUME", 
            "description": "Volume traded", 
            "format": "numeric"
        }
    }, 
    {
        "pk": 5, 
        "model": "instdata.datafield", 
        "fields": {
            "code": "ASK_PRICE", 
            "description": "Asking price", 
            "format": "numeric"
        }
    }, 
    {
        "pk": 6, 
        "model": "instdata.datafield", 
        "fields": {
            "code": "BID_PRICE", 
            "description": "Bid price", 
            "format": "numeric"
        }
    }, 
    {
        "pk": 7, 
        "model": "instdata.datafield", 
        "fields": {
            "code": "OPEN_PRICE", 
            "description": "Open price for session", 
            "format": "numeric"
        }
    }, 
    {
        "pk": 8, 
        "model": "instdata.datafield", 
        "fields": {
            "code": "HIGH_PRICE", 
            "description": "Highest price of session", 
            "format": "numeric"
        }
    }, 
    {
        "pk": 9, 
        "model": "instdata.datafield", 
        "fields": {
            "code": "LOW_PRICE", 
            "description": "Lowest session price", 
            "format": "numeric"
        }
    }, 
    {
        "pk": 10, 
        "model": "instdata.datafield", 
        "fields": {
            "code": "YIELD", 
            "description": "Mid current yield", 
            "format": "numeric"
        }
    }, 
    {
        "pk": 11, 
        "model": "instdata.datafield", 
        "fields": {
            "code": "AUM", 
            "description": "Assets under management", 
            "format": "numeric"
        }
    }, 
    {
        "pk": 12, 
        "model": "instdata.datafield", 
        "fields": {
            "code": "OAS", 
            "description": "Option adjusted spread", 
            "format": "numeric"
        }
    }, 
    {
        "pk": 14, 
        "model": "instdata.datafield", 
        "fields": {
            "code": "SPRATING", 
            "description": "Standard & Poor's Credit Ratings", 
            "format": "string"
        }
    }, 
    {
        "pk": 15, 
        "model": "instdata.datafield", 
        "fields": {
            "code": "DIRTY_PRICE", 
            "description": "Bond dirty price", 
            "format": "numeric"
        }
    },
    {
        "pk": 1, 
        "model": "instdata.vendordatafield", 
        "fields": {
            "field": 1, 
            "code": "1", 
            "vendor": 1
        }
    }, 
    {
        "pk": 2, 
        "model": "instdata.vendordatafield", 
        "fields": {
            "field": 6, 
            "code": "2", 
            "vendor": 1
        }
    }, 
    {
        "pk": 3, 
        "model": "instdata.vendordatafield", 
        "fields": {
            "field": 5, 
            "code": "3", 
            "vendor": 1
        }
    }, 
    {
        "pk": 4, 
        "model": "instdata.vendordatafield", 
        "fields": {
            "field": 4, 
            "code": "7", 
            "vendor": 1
        }
    }, 
    {
        "pk": 5, 
        "model": "instdata.vendordatafield", 
        "fields": {
            "field": 8, 
            "code": "9", 
            "vendor": 1
        }
    }, 
    {
        "pk": 6, 
        "model": "instdata.vendordatafield", 
        "fields": {
            "field": 3, 
            "code": "5295", 
            "vendor": 1
        }
    }, 
    {
        "pk": 7, 
        "model": "instdata.vendordatafield", 
        "fields": {
            "field": 9, 
            "code": "10", 
            "vendor": 1
        }
    }, 
    {
        "pk": 8, 
        "model": "instdata.vendordatafield", 
        "fields": {
            "field": 2, 
            "code": "3696", 
            "vendor": 1
        }
    }, 
    {
        "pk": 9, 
        "model": "instdata.vendordatafield", 
        "fields": {
            "field": 1, 
            "code": "Close", 
            "vendor": 2
        }
    }, 
    {
        "pk": 10, 
        "model": "instdata.vendordatafield", 
        "fields": {
            "field": 9, 
            "code": "Low", 
            "vendor": 2
        }
    }, 
    {
        "pk": 11, 
        "model": "instdata.vendordatafield", 
        "fields": {
            "field": 7, 
            "code": "Open", 
            "vendor": 2
        }
    }, 
    {
        "pk": 12, 
        "model": "instdata.vendordatafield", 
        "fields": {
            "field": 8, 
            "code": "High", 
            "vendor": 2
        }
    }, 
    {
        "pk": 13, 
        "model": "instdata.vendordatafield", 
        "fields": {
            "field": 4, 
            "code": "Volume", 
            "vendor": 2
        }
    }, 
    {
        "pk": 14, 
        "model": "instdata.vendordatafield", 
        "fields": {
            "field": 7, 
            "code": "45", 
            "vendor": 1
        }
    }, 
    {
        "pk": 15, 
        "model": "instdata.vendordatafield", 
        "fields": {
            "field": 10, 
            "code": "1059", 
            "vendor": 1
        }
    }, 
    {
        "pk": 16, 
        "model": "instdata.vendordatafield", 
        "fields": {
            "field": 14, 
            "code": "SPRATING", 
            "vendor": 4
        }
    }, 
    {
        "pk": 17, 
        "model": "instdata.vendordatafield", 
        "fields": {
            "field": 1, 
            "code": "LAST_PRICE", 
            "vendor": 4
        }
    }, 
    {
        "pk": 18, 
        "model": "instdata.vendordatafield", 
        "fields": {
            "field": 12,
            "code": "OAS", 
            "vendor": 4
        }
    }, 
    {
        "pk": 19, 
        "model": "instdata.vendordatafield", 
        "fields": {
            "field": 12, 
            "code": "1413 ", 
            "vendor": 1
        }
    },
	{
        "pk": 22, 
        "model": "instdata.futurecontract", 
        "fields": {
            "index": null, 
            "code": "CN", 
            "tick_size": 0.01, 
            "description": "CAN 10YR BOND FUTURE", 
            "exchange": 33, 
            "price_type": "", 
            "country": "CA", 
            "ticket_cost": 0.0, 
            "trading_unit": "", 
            "type": "bond", 
            "tick_value": 10.0, 
            "curncy": "CAD", 
            "expiry_months": "", 
            "term_structure": 0
        }
    }, 
    {
        "pk": 11, 
        "model": "instdata.futurecontract", 
        "fields": {
            "index": null, 
            "code": "DU", 
            "tick_size": 0.0050000000000000001, 
            "description": "Euro Shatz Future", 
            "exchange": 12, 
            "price_type": "PRICE", 
            "country": "DE", 
            "ticket_cost": 0.0, 
            "trading_unit": "100,000 EUR", 
            "type": "bond", 
            "tick_value": 5.0, 
            "curncy": "EUR", 
            "expiry_months": "H,M,U,Z", 
            "term_structure": 0
        }
    }, 
    {
        "pk": 21, 
        "model": "instdata.futurecontract", 
        "fields": {
            "index": null, 
            "code": "FV", 
            "tick_size": 0.0078125, 
            "description": "US 5 YR BOND FUTURE", 
            "exchange": 7, 
            "price_type": "PRICE", 
            "country": "US", 
            "ticket_cost": 0.0, 
            "trading_unit": "100,000", 
            "type": "bond", 
            "tick_value": 7.8125, 
            "curncy": "USD", 
            "expiry_months": "H,M,U,Z", 
            "term_structure": 0
        }
    }, 
    {
        "pk": 15, 
        "model": "instdata.futurecontract", 
        "fields": {
            "index": null, 
            "code": "G_", 
            "tick_size": 0.01, 
            "description": "Long Gilt Future", 
            "exchange": 14, 
            "price_type": "PRICE", 
            "country": "UK", 
            "ticket_cost": 0.0, 
            "trading_unit": "100,000 GBP", 
            "type": "bond", 
            "tick_value": 10.0, 
            "curncy": "GBP", 
            "expiry_months": "H,M,U,Z", 
            "term_structure": 0
        }
    }, 
    {
        "pk": 17, 
        "model": "instdata.futurecontract", 
        "fields": {
            "index": null, 
            "code": "JB", 
            "tick_size": 0.01, 
            "description": "JGB 10Y Bond Future", 
            "exchange": 9, 
            "price_type": "PRICE", 
            "country": "JP", 
            "ticket_cost": 0.0, 
            "trading_unit": "1,000,000 JPY", 
            "type": "bond", 
            "tick_value": 10000.0, 
            "curncy": "JPY", 
            "expiry_months": "H,M,U,Z", 
            "term_structure": 0
        }
    }, 
    {
        "pk": 6, 
        "model": "instdata.futurecontract", 
        "fields": {
            "index": null, 
            "code": "RX", 
            "tick_size": 0.01, 
            "description": "Euro-Bund Future", 
            "exchange": 12, 
            "price_type": "PRICE", 
            "country": "DE", 
            "ticket_cost": 0.0, 
            "trading_unit": "100000", 
            "type": "bond", 
            "tick_value": 10.0, 
            "curncy": "EUR", 
            "expiry_months": "H,M,U,Z", 
            "term_structure": 0
        }
    }, 
    {
        "pk": 14, 
        "model": "instdata.futurecontract", 
        "fields": {
            "index": null, 
            "code": "TU", 
            "tick_size": 0.0078125, 
            "description": "US 2Y Note Future", 
            "exchange": 7, 
            "price_type": "PRICE", 
            "country": "US", 
            "ticket_cost": 0.0, 
            "trading_unit": "200,000 USD", 
            "type": "bond", 
            "tick_value": 15.625, 
            "curncy": "USD", 
            "expiry_months": "H,M,U,Z", 
            "term_structure": 0
        }
    }, 
    {
        "pk": 13, 
        "model": "instdata.futurecontract", 
        "fields": {
            "index": null, 
            "code": "TY", 
            "tick_size": 0.015625, 
            "description": "US 10Y Note Future", 
            "exchange": 7, 
            "price_type": "PRICE", 
            "country": "US", 
            "ticket_cost": 0.0, 
            "trading_unit": "100,000 USD", 
            "type": "bond", 
            "tick_value": 15.625, 
            "curncy": "USD", 
            "expiry_months": "H,M,U,Z", 
            "term_structure": 0
        }
    }, 
    {
        "pk": 16, 
        "model": "instdata.futurecontract", 
        "fields": {
            "index": null, 
            "code": "UB", 
            "tick_size": 0.02, 
            "description": "EURO Buxl 30Y Bond Future", 
            "exchange": 12, 
            "price_type": "PRICE", 
            "country": "DE", 
            "ticket_cost": 0.0, 
            "trading_unit": "100,000 EUR", 
            "type": "bond", 
            "tick_value": 20.0, 
            "curncy": "EUR", 
            "expiry_months": "H,M,U,Z", 
            "term_structure": 0
        }
    }, 
    {
        "pk": 12, 
        "model": "instdata.futurecontract", 
        "fields": {
            "index": null, 
            "code": "US", 
            "tick_size": 0.0015625000000000001, 
            "description": "US Long Bond", 
            "exchange": 7, 
            "price_type": "PRICE", 
            "country": "US", 
            "ticket_cost": 0.0, 
            "trading_unit": "100,000 USD", 
            "type": "bond", 
            "tick_value": 15.625, 
            "curncy": "USD", 
            "expiry_months": "H,M,U,Z", 
            "term_structure": 0
        }
    }, 
    {
        "pk": 18, 
        "model": "instdata.futurecontract", 
        "fields": {
            "index": null, 
            "code": "XM", 
            "tick_size": 0.0050000000000000001, 
            "description": "Australia 10Y Bond Future", 
            "exchange": 32, 
            "price_type": "BILL", 
            "country": "AU", 
            "ticket_cost": 0.0, 
            "trading_unit": "100,000", 
            "type": "bond", 
            "tick_value": 0.0, 
            "curncy": "AUD", 
            "expiry_months": "H,M,U,Z", 
            "term_structure": 0
        }
    }, 
    {
        "pk": 20, 
        "model": "instdata.futurecontract", 
        "fields": {
            "index": null, 
            "code": "YM", 
            "tick_size": 0.01, 
            "description": "AUST 3YR BOND FUT", 
            "exchange": 32, 
            "price_type": "BILL", 
            "country": "AU", 
            "ticket_cost": 0.0, 
            "trading_unit": "", 
            "type": "bond", 
            "tick_value": 0.0, 
            "curncy": "AUD", 
            "expiry_months": "H,M,U,Z", 
            "term_structure": 0
        }
    }, 
    {
        "pk": 7, 
        "model": "instdata.futurecontract", 
        "fields": {
            "index": null, 
            "code": "CL", 
            "tick_size": 0.01, 
            "description": "WTI Crude Future", 
            "exchange": 15, 
            "price_type": "PRICE", 
            "country": "US", 
            "ticket_cost": 0.0, 
            "trading_unit": "1,000 US Barrels", 
            "type": "com", 
            "tick_value": 10.0, 
            "curncy": "USD", 
            "expiry_months": "", 
            "term_structure": 0
        }
    }, 
    {
        "pk": 19, 
        "model": "instdata.futurecontract", 
        "fields": {
            "index": null, 
            "code": "HG", 
            "tick_size": 0.050000000000000003, 
            "description": "Copper Future", 
            "exchange": 7, 
            "price_type": "PRICE", 
            "country": "US", 
            "ticket_cost": 0.0, 
            "trading_unit": "25,000 LBS", 
            "type": "com", 
            "tick_value": 12.5, 
            "curncy": "USD", 
            "expiry_months": "", 
            "term_structure": 0
        }
    }, 
    {
        "pk": 8, 
        "model": "instdata.futurecontract", 
        "fields": {
            "index": null, 
            "code": "NG", 
            "tick_size": 0.001, 
            "description": "Natural Gas Future", 
            "exchange": 15, 
            "price_type": "PRICE", 
            "country": "US", 
            "ticket_cost": 0.0, 
            "trading_unit": "10,000 MMBtu", 
            "type": "com", 
            "tick_value": 10.0, 
            "curncy": "USD", 
            "expiry_months": "", 
            "term_structure": 0
        }
    }, 
    {
        "pk": 9, 
        "model": "instdata.futurecontract", 
        "fields": {
            "index": null, 
            "code": "RTA", 
            "tick_size": 0.10000000000000001, 
            "description": "Russell 2000 Mini Future", 
            "exchange": 21, 
            "price_type": "PRICE", 
            "country": "US", 
            "ticket_cost": 0.0, 
            "trading_unit": "100 USD x Index", 
            "type": "eif", 
            "tick_value": 10.0, 
            "curncy": "USD", 
            "expiry_months": "H,M,U,Z", 
            "term_structure": 0
        }
    }, 
    {
        "pk": 4, 
        "model": "instdata.futurecontract", 
        "fields": {
            "index": null, 
            "code": "SP", 
            "tick_size": 0.10000000000000001, 
            "description": "S&P 500 Index Future", 
            "exchange": 7, 
            "price_type": "PRICE", 
            "country": "US", 
            "ticket_cost": 0.0, 
            "trading_unit": "250 USD x Index", 
            "type": "eif", 
            "tick_value": 25.0, 
            "curncy": "USD", 
            "expiry_months": "H,M,U,Z", 
            "term_structure": 0
        }
    }, 
    {
        "pk": 3, 
        "model": "instdata.futurecontract", 
        "fields": {
            "index": null, 
            "code": "TP", 
            "tick_size": 0.5, 
            "description": "Topix Index Future", 
            "exchange": 9, 
            "price_type": "PRICE", 
            "country": "JP", 
            "ticket_cost": 0.0, 
            "trading_unit": "10000 JPY x Index", 
            "type": "eif", 
            "tick_value": 5000.0, 
            "curncy": "JPY", 
            "expiry_months": "H,M,U,Z", 
            "term_structure": 0
        }
    }, 
    {
        "pk": 10, 
        "model": "instdata.futurecontract", 
        "fields": {
            "index": null, 
            "code": "VG", 
            "tick_size": 1.0, 
            "description": "DJ EURO STOXX 50 Future", 
            "exchange": 12, 
            "price_type": "PRICE", 
            "country": "EU", 
            "ticket_cost": 0.0, 
            "trading_unit": "10 EUR x Index", 
            "type": "eif", 
            "tick_value": 10.0, 
            "curncy": "EUR", 
            "expiry_months": "H,M,U,Z", 
            "term_structure": 0
        }
    }, 
    {
        "pk": 2, 
        "model": "instdata.futurecontract", 
        "fields": {
            "index": null, 
            "code": "VH", 
            "tick_size": 1.0, 
            "description": "DJ STOXX 50 Future", 
            "exchange": 12, 
            "price_type": "PRICE", 
            "country": "EU", 
            "ticket_cost": 0.0, 
            "trading_unit": "10 EUR x Index", 
            "type": "eif", 
            "tick_value": 10.0, 
            "curncy": "EUR", 
            "expiry_months": "H,M,U,Z", 
            "term_structure": 0
        }
    }, 
    {
        "pk": 5, 
        "model": "instdata.futurecontract", 
        "fields": {
            "index": null, 
            "code": "Z_", 
            "tick_size": 0.5, 
            "description": "FTSE 100 Index Future", 
            "exchange": 14, 
            "price_type": "PRICE", 
            "country": "UK", 
            "ticket_cost": 0.0, 
            "trading_unit": "\u00a310 x Index", 
            "type": "eif", 
            "tick_value": 5.0, 
            "curncy": "GBP", 
            "expiry_months": "H,M,U,Z", 
            "term_structure": 0
        }
    }, 
    {
        "pk": 1, 
        "model": "instdata.futurecontract", 
        "fields": {
            "index": null, 
            "code": "UX", 
            "tick_size": 0.01, 
            "description": "VIX volatility Future", 
            "exchange": 6, 
            "price_type": "PRICE", 
            "country": "US", 
            "ticket_cost": 0.0, 
            "trading_unit": "1000 USD x Index", 
            "type": "vif", 
            "tick_value": 10.0, 
            "curncy": "USD", 
            "expiry_months": "H,M,U,Z", 
            "term_structure": 0
        }
    }, 
    {
        "pk": 22, 
        "model": "instdata.exchange", 
        "fields": {
            "code": "ASE", 
            "name": "Athens Stock Exchange"
        }
    }, 
    {
        "pk": 26, 
        "model": "instdata.exchange", 
        "fields": {
            "code": "ASX", 
            "name": "Australian Securities Exchange"
        }
    }, 
    {
        "pk": 17, 
        "model": "instdata.exchange", 
        "fields": {
            "code": "BIT", 
            "name": "Borsa Italiana"
        }
    }, 
    {
        "pk": 31, 
        "model": "instdata.exchange", 
        "fields": {
            "code": "BMV", 
            "name": "Borsa Mexicana de Valores"
        }
    }, 
    {
        "pk": 6, 
        "model": "instdata.exchange", 
        "fields": {
            "code": "CBOE", 
            "name": "Chicago Board Options Exchange"
        }
    }, 
    {
        "pk": 7, 
        "model": "instdata.exchange", 
        "fields": {
            "code": "CME", 
            "name": "CMEGroup: CME/CBOT/NYMEX"
        }
    }, 
    {
        "pk": 4, 
        "model": "instdata.exchange", 
        "fields": {
            "code": "DUB", 
            "name": "Dublin Stock Exchange"
        }
    }, 
    {
        "pk": 23, 
        "model": "instdata.exchange", 
        "fields": {
            "code": "ENAM", 
            "name": "Euronext Amsterdam"
        }
    }, 
    {
        "pk": 12, 
        "model": "instdata.exchange", 
        "fields": {
            "code": "EUX", 
            "name": "Eurex"
        }
    }, 
    {
        "pk": 10, 
        "model": "instdata.exchange", 
        "fields": {
            "code": "HKE", 
            "name": "Stock Exchange of Hong Kong "
        }
    }, 
    {
        "pk": 28, 
        "model": "instdata.exchange", 
        "fields": {
            "code": "HKEX", 
            "name": "Hong Kong Exchange"
        }
    }, 
    {
        "pk": 21, 
        "model": "instdata.exchange", 
        "fields": {
            "code": "ICE", 
            "name": "Intercontinental Exchange"
        }
    }, 
    {
        "pk": 30, 
        "model": "instdata.exchange", 
        "fields": {
            "code": "KSE", 
            "name": "Korea Stock Exchange"
        }
    }, 
    {
        "pk": 14, 
        "model": "instdata.exchange", 
        "fields": {
            "code": "LIFFE", 
            "name": "Euronext Liffe"
        }
    }, 
    {
        "pk": 1, 
        "model": "instdata.exchange", 
        "fields": {
            "code": "LSE", 
            "name": "London Stock Exchange"
        }
    }, 
    {
        "pk": 5, 
        "model": "instdata.exchange", 
        "fields": {
            "code": "LUX", 
            "name": "Luxembourg Stock Exchange"
        }
    }, 
    {
        "pk": 16, 
        "model": "instdata.exchange", 
        "fields": {
            "code": "MICEX", 
            "name": "MICEX Main"
        }
    }, 
    {
        "pk": 33, 
        "model": "instdata.exchange", 
        "fields": {
            "code": "MSE", 
            "name": "Montreal Exchange"
        }
    }, 
    {
        "pk": 8, 
        "model": "instdata.exchange", 
        "fields": {
            "code": "NASDAQ", 
            "name": "NASDAQ Stock Market"
        }
    }, 
    {
        "pk": 15, 
        "model": "instdata.exchange", 
        "fields": {
            "code": "NYMEX", 
            "name": "New York Mercantile Exchange"
        }
    }, 
    {
        "pk": 3, 
        "model": "instdata.exchange", 
        "fields": {
            "code": "NYSE", 
            "name": "New York Stock Exchange"
        }
    }, 
    {
        "pk": 20, 
        "model": "instdata.exchange", 
        "fields": {
            "code": "OMX", 
            "name": "Stockholm Stock Exchange"
        }
    }, 
    {
        "pk": 27, 
        "model": "instdata.exchange", 
        "fields": {
            "code": "OSLO", 
            "name": "Oslo Stock Exchange"
        }
    }, 
    {
        "pk": 2, 
        "model": "instdata.exchange", 
        "fields": {
            "code": "PAR", 
            "name": "Euronext Paris"
        }
    }, 
    {
        "pk": 19, 
        "model": "instdata.exchange", 
        "fields": {
            "code": "RTS", 
            "name": "Russian Trading System Stock Exchange"
        }
    }, 
    {
        "pk": 32, 
        "model": "instdata.exchange", 
        "fields": {
            "code": "SFE", 
            "name": "Sydney Futures Exchange"
        }
    }, 
    {
        "pk": 18, 
        "model": "instdata.exchange", 
        "fields": {
            "code": "SIX", 
            "name": "Six Swiss Exchance"
        }
    }, 
    {
        "pk": 13, 
        "model": "instdata.exchange", 
        "fields": {
            "code": "SSE", 
            "name": "Stockholm Stock Exchange"
        }
    }, 
    {
        "pk": 25, 
        "model": "instdata.exchange", 
        "fields": {
            "code": "TASE", 
            "name": "Tel Aviv Stock Exchange"
        }
    }, 
    {
        "pk": 9, 
        "model": "instdata.exchange", 
        "fields": {
            "code": "TSE", 
            "name": "Tokyo Stock Exchange"
        }
    }, 
    {
        "pk": 24, 
        "model": "instdata.exchange", 
        "fields": {
            "code": "TSX", 
            "name": "Toronto Stock Exchange"
        }
    }, 
    {
        "pk": 29, 
        "model": "instdata.exchange", 
        "fields": {
            "code": "TWSE", 
            "name": "Taiwan Stock Exchange"
        }
    }, 
    {
        "pk": 11, 
        "model": "instdata.exchange", 
        "fields": {
            "code": "XTA", 
            "name": "Xetra Deutsche Borse"
        }
    }
]